Name,3-letter code,1-letter code,Molecular Weight,Molecular Formula,Residue Formula,Residue Weight,pka1,pka2,pkaX,pI,hydropathy index (Kyte-Doolittle method),Accessible surface,hp_type,hp_color,pk-state
Alanine,Ala,A,89.1,C3H7NO2,C3H5NO,71.08,2.34,9.69,,6.0,1.8,44.1,neutral,green,neutral
Arginine,Arg,R,174.2,C6H14N4O2,C6H12N4O,156.19,2.17,9.04,12.48,10.76,-4.5,159.2,hydrophilic,blue,alkine
Asparagine,Asn,N,132.12,C4H8N2O3,C4H6N2O2,114.11,2.02,8.8,,5.41,-3.5,80.8,hydrophilic,blue,neutral
Aspartic acid,Asp,D,133.11,C4H7NO4,C4H5NO3,115.09,1.88,9.6,3.65,2.77,-3.5,76.3,hydrophilic,blue,acidic
Cysteine,Cys,C,121.16,C3H7NO2S,C3H5NOS,103.15,1.96,10.28,8.18,5.07,2.5,56.4,hydrophobic,grey,alkine
Glutamic acid,Glu,E,147.13,C5H9NO4,C5H7NO3,129.12,2.19,9.67,4.25,3.22,-3.5,99.2,hydrophilic,blue,acidic
Glutamine,Gln,Q,146.15,C5H10N2O3,C5H8N2O2,128.13,2.17,9.13,,5.65,-3.5,100.6,hydrophilic,blue,neutral
Glycine,Gly,G,75.07,C2H5NO2,C2H3NO,57.05,2.34,9.6,,5.97,-0.4,0.0,neutral,green,neutral
Histidine,His,H,155.16,C6H9N3O2,C6H7N3O,137.14,1.82,9.17,6.0,7.59,-3.2,98.2,hydrophilic,blue,neutral
Isoleucine,Ile,I,131.18,C6H13NO2,C6H11NO,113.16,2.36,9.6,,6.02,4.5,90.9,hydrophobic,grey,neutral
Leucine,Leu,L,131.18,C6H13NO2,C6H11NO,113.16,2.36,9.6,,5.98,3.8,92.8,hydrophobic,grey,neutral
Lysine,Lys,K,146.19,C6H14N2O2,C6H12N2O,128.18,2.18,8.95,10.53,9.74,-3.9,139.1,hydrophilic,blue,alkine
Methionine,Met,M,149.21,C5H11NO2S,C5H9NOS,131.2,2.28,9.21,,5.74,1.9,95.3,neutral,green,neutral
Phenylalanine,Phe,F,165.19,C9H11NO2,C9H9NO,147.18,1.83,9.13,,5.48,2.8,107.4,hydrophobic,grey,neutral
Proline,Pro,P,115.13,C5H9NO2,C5H7NO,97.12,1.99,10.6,,6.3,-1.6,79.5,neutral,green,neutral
Serine,Ser,S,105.09,C3H7NO3,C3H5NO2,87.08,2.21,9.15,,5.68,-0.8,57.5,neutral,green,neutral
Threonine,Thr,T,119.12,C4H9NO3,C4H7NO2,101.11,2.09,9.1,,5.6,-0.7,73.4,neutral,green,neutral
Tryptophan,Trp,W,204.23,C11H12N2O2,C11H10N2O,186.22,2.83,9.39,,5.89,-0.9,143.4,neutral,green,neutral
Tyrosine,Tyr,Y,181.19,C9H11NO3,C9H9NO2,163.18,2.2,9.11,10.07,5.66,-1.3,119.1,neutral,green,alkine
Valine,Val,V,117.15,C5H11NO2,C5H9NO,99.13,2.32,9.62,,5.96,4.2,73.0,hydrophobic,grey,neutral
